home_listing,adr_ticker,event_datetime_et,eps_estimate,eps_actual,surprise_pct
SHEL.L,SHEL,2026-10-29 08:00:00,2.8,nan,nan
SHEL.L,SHEL,2026-07-30 02:00:00,3.18,3.52,10.63
SHEL.L,SHEL,2026-05-07 02:00:00,2.21,2.44,10.18
SHEL.L,SHEL,2026-02-05 02:00:00,1.29,1.14,-11.83
SHEL.L,SHEL,2025-10-30 03:00:00,1.74,1.86,7.08
SHEL.L,SHEL,2025-07-31 02:00:00,1.27,1.44,13.72
SHEL.L,SHEL,2025-05-02 02:00:00,1.61,1.84,14.38
SHEL.L,SHEL,2025-01-30 02:00:00,1.49,1.2,-19.65
SHEL.L,SHEL,2024-10-31 03:00:00,1.7,1.92,12.83
SHEL.L,SHEL,2024-08-01 02:00:00,1.78,1.98,11.15
SHEL.L,SHEL,2024-05-02 02:00:00,1.92,2.4,25.19
SHEL.L,SHEL,2024-02-01 02:00:00,1.86,2.22,19.11
SHEL.L,SHEL,2023-11-02 03:00:00,1.92,1.86,-3.12
SHEL.L,SHEL,2023-07-27 02:00:00,1.61,1.5,-6.91
SHEL.L,SHEL,2023-05-04 02:00:00,2.12,2.78,31.44
SHEL.L,SHEL,2023-02-02 02:00:00,2.31,2.6,12.34
SHEL.L,SHEL,2022-10-27 02:00:00,2.4,2.6,8.45
SHEL.L,SHEL,2022-07-28 02:00:00,3.0,3.08,2.84
SHEL.L,SHEL,2022-05-05 02:00:00,2.19,2.4,9.59
SHEL.L,SHEL,2022-02-03 02:00:00,1.34,1.66,23.45
SHEL.L,SHEL,2021-10-28 02:00:00,1.42,1.06,-25.33
SHEL.L,SHEL,2021-07-29 02:00:00,1.25,1.42,13.21
SHEL.L,SHEL,2021-04-29 02:00:00,0.76,0.84,10.53
SHEL.L,SHEL,2021-02-04 02:00:00,0.12,0.1,-15.86
SHEL.L,SHEL,2020-10-29 03:00:00,nan,0.24,5792.31
AZN.L,AZN,2026-10-30 16:00:00,1.3,nan,nan
AZN.L,AZN,2026-07-27 02:00:00,1.25,1.32,4.85
AZN.L,AZN,2026-04-29 02:00:00,1.27,1.29,1.43
AZN.L,AZN,2025-11-06 02:00:00,1.13,1.19,4.88
AZN.L,AZN,2025-07-29 02:00:00,0.88,0.79,-10.71
AZN.L,AZN,2025-04-29 02:00:00,1.12,1.25,11.59
AZN.L,AZN,2025-02-06 02:00:00,1.04,1.05,0.84
AZN.L,AZN,2024-11-12 02:00:00,1.03,1.04,1.13
AZN.L,AZN,2024-07-25 02:00:00,0.99,0.99,-0.38
AZN.L,AZN,2024-04-25 02:00:00,0.95,1.03,8.42
AZN.L,AZN,2024-02-08 02:00:00,0.76,0.73,-4.92
AZN.L,AZN,2023-11-09 02:00:00,0.82,0.87,5.32
AZN.L,AZN,2023-07-28 02:00:00,0.97,1.08,10.9
AZN.L,AZN,2023-04-27 02:00:00,0.82,0.96,17.57
AZN.L,AZN,2023-02-09 02:00:00,0.68,0.69,0.91
AZN.L,AZN,2022-11-10 02:00:00,0.75,0.84,11.9
AZN.L,AZN,2022-07-29 02:00:00,1.04,0.86,-17.32
AZN.L,AZN,2022-04-29 02:00:00,1.15,0.95,-17.65
AZN.L,AZN,2022-02-10 02:00:00,0.99,0.84,-15.58
AZN.L,AZN,2021-11-12 02:00:00,0.91,0.54,-40.88
AZN.L,AZN,2021-07-29 02:00:00,0.69,0.45,-34.38
AZN.L,AZN,2021-04-30 02:00:00,0.96,0.82,-15.29
AZN.L,AZN,2021-02-11 02:00:00,0.76,0.61,-20.03
AZN.L,AZN,2020-11-05 02:00:00,0.48,0.46,-3.79
AZN.L,AZN,2020-07-30 02:00:00,0.4,0.48,19.37
SAP.DE,SAP,2026-10-21 16:00:00,2.08,nan,nan
SAP.DE,SAP,2026-07-22 20:00:00,2.0,1.81,-9.8
SAP.DE,SAP,2026-04-23 16:00:00,1.92,2.01,4.99
SAP.DE,SAP,2026-01-29 00:00:00,1.72,1.93,12.07
SAP.DE,SAP,2025-10-22 16:00:00,1.74,1.85,6.05
SAP.DE,SAP,2025-07-22 16:00:00,1.69,1.76,4.28
SAP.DE,SAP,2025-04-21 20:00:00,1.44,1.65,15.01
SAP.DE,SAP,2025-01-28 00:00:00,1.49,1.47,-1.63
SAP.DE,SAP,2024-10-21 16:00:00,1.31,1.33,1.41
SAP.DE,SAP,2024-07-22 16:00:00,1.08,1.2,11.32
SAP.DE,SAP,2024-04-22 17:00:00,1.02,0.86,-15.53
SAP.DE,SAP,2024-01-23 17:00:00,1.74,1.53,-11.96
SAP.DE,SAP,2023-10-18 16:00:00,1.51,1.53,1.41
SAP.DE,SAP,2023-07-20 12:00:00,1.31,0.69,-47.06
SAP.DE,SAP,2023-04-21 01:00:00,1.16,1.18,1.91
SAP.DE,SAP,2023-01-26 01:00:00,1.5,1.09,-27.15
SAP.DE,SAP,2022-10-25 01:00:00,1.25,1.11,-11.41
SAP.DE,SAP,2022-07-21 00:00:00,1.07,0.98,-8.74
SAP.DE,SAP,2022-04-22 02:00:00,1.27,1.08,-15.38
SAP.DE,SAP,2022-01-27 01:00:00,1.91,2.1,9.96
SAP.DE,SAP,2021-10-12 19:00:00,1.57,2.01,27.71
SAP.DE,SAP,2021-07-21 01:00:00,1.47,2.06,40.29
SAP.DE,SAP,2021-04-22 01:00:00,1.17,1.68,44.19
SAP.DE,SAP,2021-01-29 01:00:00,1.88,2.05,8.91
SAP.DE,SAP,2020-10-25 15:00:00,1.49,2.01,34.91
ASML.AS,ASML,2026-10-14 08:00:00,10.58,nan,nan
ASML.AS,ASML,2026-07-13 20:00:00,6.9,7.58,9.93
ASML.AS,ASML,2026-04-14 20:00:00,6.62,7.15,7.99
ASML.AS,ASML,2026-01-27 19:00:00,7.55,7.34,-2.72
ASML.AS,ASML,2025-10-15 01:00:00,5.37,5.49,2.14
ASML.AS,ASML,2025-07-16 01:00:00,5.25,5.9,12.36
ASML.AS,ASML,2025-04-16 01:00:00,5.79,6.0,3.71
ASML.AS,ASML,2025-01-29 06:00:00,6.73,6.84,1.57
ASML.AS,ASML,2024-10-15 11:00:00,4.86,5.28,8.61
ASML.AS,ASML,2024-07-17 01:00:00,3.69,4.01,8.54
ASML.AS,ASML,2024-04-17 01:00:00,2.79,3.11,11.55
ASML.AS,ASML,2024-01-24 01:00:00,4.78,5.2,8.88
ASML.AS,ASML,2023-10-18 01:00:00,4.63,4.81,3.86
ASML.AS,ASML,2023-07-19 01:00:00,4.61,4.93,6.86
ASML.AS,ASML,2023-04-19 01:00:00,4.16,4.95,19.13
ASML.AS,ASML,2023-01-25 01:00:00,4.33,4.6,6.18
ASML.AS,ASML,2022-10-19 01:00:00,3.46,4.29,23.88
ASML.AS,ASML,2022-07-20 01:00:00,3.52,3.54,0.63
ASML.AS,ASML,2022-04-20 04:00:00,1.68,1.73,2.79
ASML.AS,ASML,2022-01-19 01:00:00,3.76,3.93,4.63
ASML.AS,ASML,2021-10-20 06:00:00,4.01,4.26,6.18
ASML.AS,ASML,2021-07-21 01:00:00,2.52,2.52,-0.05
ASML.AS,ASML,2021-04-21 06:00:00,2.61,3.2,22.63
ASML.AS,ASML,2021-01-20 01:00:00,2.46,3.23,31.43
ASML.AS,ASML,2020-10-14 01:00:00,2.26,2.53,11.93
7203.T,TM,2026-08-04 08:00:00,3.94,nan,nan
7203.T,TM,2026-05-08 00:00:00,2.69,4.0,49.05
7203.T,TM,2026-02-06 00:00:00,3.18,6.15,93.12
7203.T,TM,2025-11-05 00:00:00,5.36,4.66,-13.11
7203.T,TM,2025-08-06 21:00:00,5.48,4.38,-20.02
7203.T,TM,2014-02-03 22:00:00,2.46,3.27,32.81
7203.T,TM,2013-11-06 01:00:00,2.15,2.81,30.47
7203.T,TM,2013-08-09 19:00:00,2.59,3.69,42.37
7203.T,TM,2013-05-08 02:00:00,1.71,2.01,17.59
7203.T,TM,2013-02-05 01:00:00,1.32,0.68,-48.53
7203.T,TM,2012-11-05 01:00:00,1.66,2.03,22.12
7203.T,TM,2012-08-03 04:00:00,1.93,2.33,21.23
7203.T,TM,2012-05-09 06:00:00,0.88,0.96,9.16
7203.T,TM,2012-02-07 14:00:00,0.12,0.67,448.25
7203.T,TM,2011-11-07 19:00:00,0.66,0.66,-0.51
7203.T,TM,2011-08-02 02:00:00,-0.74,0.01,101.3
7203.T,TM,2011-05-11 02:00:00,0.41,0.2,-50.6
7203.T,TM,2011-02-08 01:00:00,0.6,0.73,21.57
7203.T,TM,2010-11-05 04:00:00,1.27,0.77,-39.09
7203.T,TM,2008-02-05 04:00:00,2.21,2.71,22.44
7203.T,TM,2007-11-07 01:00:00,2.22,2.48,11.53
7203.T,TM,2007-08-03 02:00:00,2.3,2.59,12.48
7203.T,TM,2007-05-09 02:00:00,2.13,1.15,-46.15
7203.T,TM,2007-02-06 01:00:00,1.95,2.22,13.59
7203.T,TM,2006-11-07 00:00:00,1.9,2.13,12.16
0700.HK,TCEHY,2026-08-12 08:00:00,7.81,nan,nan
0700.HK,TCEHY,2026-05-13 04:00:00,7.74,7.36,-4.86
0700.HK,TCEHY,2026-03-18 04:00:00,7.35,6.97,-5.17
0700.HK,TCEHY,2025-11-13 03:00:00,7.33,7.58,3.38
0700.HK,TCEHY,2025-08-13 04:00:00,6.67,6.79,1.8
0700.HK,TCEHY,2025-05-14 04:00:00,6.99,6.58,-5.88
0700.HK,TCEHY,2025-03-19 04:00:00,5.85,5.91,1.04
0700.HK,TCEHY,2024-11-13 03:00:00,6.33,6.34,0.11
0700.HK,TCEHY,2024-08-14 04:00:00,5.09,6.01,18.11
0700.HK,TCEHY,2024-05-14 04:00:00,4.58,5.26,14.99
0700.HK,TCEHY,2024-03-20 04:00:00,4.27,4.44,3.95
0700.HK,TCEHY,2023-11-15 03:00:00,4.12,4.66,13.14
0700.HK,TCEHY,2023-08-16 04:00:00,4.31,3.88,-10.01
0700.HK,TCEHY,2023-05-17 04:00:00,3.99,3.35,-16.03
0700.HK,TCEHY,2023-03-22 04:00:00,3.43,3.04,-11.18
0700.HK,TCEHY,2022-11-16 03:00:00,3.41,3.31,-2.91
0700.HK,TCEHY,2022-08-17 04:00:00,1.72,2.9,68.08
0700.HK,TCEHY,2022-05-18 05:00:00,2.31,2.62,13.67
0700.HK,TCEHY,2022-03-23 04:00:00,3.04,2.55,-16.11
0700.HK,TCEHY,2021-11-10 05:00:00,3.47,3.27,-5.79
0700.HK,TCEHY,2020-11-12 06:00:00,3.05,3.31,8.66
0700.HK,TCEHY,2020-08-12 05:00:00,2.72,3.13,15.07
0700.HK,TCEHY,2020-05-13 06:00:00,2.52,2.82,11.63
0700.HK,TCEHY,2020-03-18 05:00:00,2.57,2.64,2.78
0700.HK,TCEHY,2019-11-13 07:00:00,2.56,2.55,-0.62
BHP.AX,BHP,2026-08-17 16:00:00,nan,nan,nan
BHP.AX,BHP,2012-02-07 19:00:00,3.3,0.79,-76.06
BHP.AX,BHP,2004-08-18 00:00:00,0.43,0.24,-44.19
BHP.AX,BHP,2004-04-22 00:00:00,0.25,0.27,8.0
BHP.AX,BHP,2004-02-19 00:00:00,0.43,0.45,4.65
BHP.AX,BHP,2003-10-28 16:00:00,0.16,0.17,3.75
BHP.AX,BHP,2003-08-28 02:00:00,0.21,0.18,-14.29
BHP.AX,BHP,2003-05-07 02:00:00,0.14,0.14,2.86
BHP.AX,BHP,2003-02-24 00:00:00,0.28,0.12,-57.14
BHP.AX,BHP,2002-10-30 18:00:00,0.1,0.18,80.0
BHP.AX,BHP,2002-08-07 05:00:00,0.13,0.11,-15.38
BHP.AX,BHP,2002-05-01 07:00:00,0.14,0.14,nan
BHP.AX,BHP,2002-02-14 00:00:00,0.15,0.2,33.33
BHP.AX,BHP,2001-10-26 05:00:00,0.18,0.2,11.11
RY.TO,RY,2026-08-27 08:00:00,4.03,nan,nan
RY.TO,RY,2026-05-28 06:00:00,3.79,3.9,2.82
RY.TO,RY,2026-02-26 06:00:00,3.84,4.08,6.2
RY.TO,RY,2025-12-03 06:00:00,3.55,3.85,8.36
RY.TO,RY,2025-08-27 06:00:00,3.29,3.84,16.81
RY.TO,RY,2025-05-29 06:00:00,3.2,3.12,-2.45
RY.TO,RY,2025-02-27 06:00:00,3.24,3.62,11.56
RY.TO,RY,2024-12-04 06:00:00,3.01,3.07,2.04
RY.TO,RY,2024-08-28 06:00:00,2.95,3.26,10.33
RY.TO,RY,2024-05-30 06:00:00,2.74,2.92,6.43
RY.TO,RY,2024-02-28 06:00:00,2.79,2.85,2.27
RY.TO,RY,2023-11-30 06:00:00,2.62,2.78,5.97
RY.TO,RY,2023-08-24 06:00:00,2.71,2.84,4.87
RY.TO,RY,2023-05-25 06:00:00,2.81,2.65,-5.82
RY.TO,RY,2023-03-01 07:00:00,2.93,3.05,3.93
RY.TO,RY,2022-11-30 06:00:00,2.68,2.78,3.74
RY.TO,RY,2022-08-24 06:00:00,2.68,2.55,-4.94
RY.TO,RY,2022-05-26 19:00:00,2.69,2.99,11.14
RY.TO,RY,2022-02-24 06:00:00,2.72,2.87,5.37
RY.TO,RY,2021-12-01 06:00:00,2.81,2.71,-3.62
RY.TO,RY,2021-08-25 07:00:00,2.71,3.0,10.67
RY.TO,RY,2021-05-27 15:00:00,2.51,2.79,11.27
RY.TO,RY,2021-02-24 07:00:00,2.28,2.69,18.16
RY.TO,RY,2020-12-02 06:00:00,2.08,2.27,9.21
RY.TO,RY,2020-08-26 06:00:00,1.9,2.23,17.15
SHOP.TO,SHOP,2026-08-05 08:00:00,0.4,nan,nan
SHOP.TO,SHOP,2026-05-05 07:00:00,0.33,0.36,8.56
SHOP.TO,SHOP,2026-02-11 07:00:00,0.51,0.48,-5.71
SHOP.TO,SHOP,2025-11-04 07:00:00,0.34,0.34,0.61
SHOP.TO,SHOP,2025-08-06 07:00:00,0.29,0.35,22.15
SHOP.TO,SHOP,2025-05-08 07:00:00,0.26,0.25,-4.47
SHOP.TO,SHOP,2025-02-11 07:00:00,0.43,0.44,1.78
SHOP.TO,SHOP,2024-11-12 07:00:00,0.18,0.64,254.9
SHOP.TO,SHOP,2024-08-07 07:00:00,0.2,0.26,29.05
SHOP.TO,SHOP,2024-05-08 07:00:00,0.17,0.2,17.92
SHOP.TO,SHOP,2024-02-13 07:00:00,0.3,0.34,13.12
SHOP.TO,SHOP,2023-11-02 07:00:00,0.14,0.24,65.76
SHOP.TO,SHOP,2023-08-02 16:00:00,0.05,0.14,181.07
SHOP.TO,SHOP,2023-05-04 07:00:00,-0.04,0.01,127.28
SHOP.TO,SHOP,2023-02-15 16:00:00,-0.02,0.07,479.2
SHOP.TO,SHOP,2022-10-27 07:00:00,-0.07,-0.02,71.76
SHOP.TO,SHOP,2022-07-27 07:00:00,0.03,-0.03,-195.75
SHOP.TO,SHOP,2022-05-05 07:00:00,0.07,0.02,-69.42
SHOP.TO,SHOP,2022-02-16 07:00:00,0.13,0.14,3.53
SHOP.TO,SHOP,2021-10-28 07:00:00,0.12,0.08,-33.37
SHOP.TO,SHOP,2021-07-28 07:00:00,0.1,0.22,132.49
SHOP.TO,SHOP,2021-04-28 07:00:00,0.07,0.2,172.14
SHOP.TO,SHOP,2021-02-17 07:00:00,0.12,0.16,30.9
SHOP.TO,SHOP,2020-10-29 07:00:00,0.05,0.11,123.54
SHOP.TO,SHOP,2020-07-29 07:00:00,nan,0.11,4116.87
HSBA.L,HSBC,2026-08-04 08:00:00,2.33,nan,nan
HSBA.L,HSBC,2026-05-04 22:00:00,2.16,2.2,1.79
HSBA.L,HSBC,2026-02-25 02:00:00,1.8,1.85,2.98
HSBA.L,HSBC,2025-02-18 19:00:00,1.53,0.05,-96.74
HSBA.L,HSBC,2013-08-05 04:00:00,3.1,1.08,-65.13
HSBA.L,HSBC,2012-07-30 04:00:00,2.5,1.2,-52.02
BP.L,BP,2026-08-04 08:00:00,1.78,nan,nan
BP.L,BP,2026-04-28 03:00:00,0.93,1.24,33.25
BP.L,BP,2026-02-10 02:00:00,0.6,0.6,-0.5
BP.L,BP,2025-11-04 02:00:00,0.77,0.85,9.88
BP.L,BP,2025-08-05 02:00:00,0.66,0.9,36.11
BP.L,BP,2025-04-29 02:00:00,0.56,0.53,-5.78
BP.L,BP,2025-02-11 02:00:00,0.45,0.44,-3.03
BP.L,BP,2024-10-29 06:00:00,0.79,0.83,5.66
BP.L,BP,2024-07-30 02:00:00,0.91,1.0,10.41
BP.L,BP,2024-05-07 02:00:00,0.97,0.97,0.44
BP.L,BP,2024-02-06 02:00:00,1.0,1.07,7.48
BP.L,BP,2023-10-31 03:00:00,1.34,1.15,-14.46
BP.L,BP,2023-08-01 02:00:00,1.16,0.89,-23.18
BP.L,BP,2023-05-02 02:00:00,1.42,1.66,17.11
BP.L,BP,2023-02-07 02:00:00,1.65,1.59,-3.51
BP.L,BP,2022-11-01 03:00:00,1.96,2.59,32.01
BP.L,BP,2022-08-02 02:00:00,2.13,2.61,22.73
BP.L,BP,2022-05-03 02:00:00,1.39,1.92,38.02
BP.L,BP,2022-02-08 02:00:00,1.14,1.23,7.54
BP.L,BP,2021-11-02 03:00:00,0.87,0.99,13.53
BP.L,BP,2021-08-03 02:00:00,0.6,0.83,38.05
BP.L,BP,2021-04-27 02:00:00,0.43,0.78,80.56
BP.L,BP,2021-02-02 02:00:00,0.07,0.03,-54.72
BP.L,BP,2020-10-27 03:00:00,-0.05,0.03,157.45
BP.L,BP,2020-08-04 02:00:00,-0.57,-1.98,-245.1
RIO.L,RIO,2027-02-18 15:00:00,nan,nan,nan
RIO.L,RIO,2008-08-26 02:00:00,3.91,4.24,8.51
RIO.L,RIO,2008-04-08 20:00:00,3.13,0.27,-91.44
RIO.L,RIO,2007-09-10 20:00:00,2.67,0.27,-90.06
RIO.L,RIO,2006-09-04 20:00:00,0.98,0.64,-34.58
RIO.L,RIO,2005-02-03 00:00:00,0.6,0.11,-82.6
RIO.L,RIO,2004-07-30 06:00:00,0.75,0.72,-3.36
RIO.L,RIO,2004-02-02 00:00:00,0.57,0.54,-5.49
RIO.L,RIO,2003-07-31 02:00:00,0.58,0.47,-20.34
RIO.L,RIO,2003-01-30 08:00:00,0.63,0.6,-4.19
RIO.L,RIO,2002-07-25 02:00:00,0.59,0.51,-14.11
RIO.L,RIO,2002-01-31 06:00:00,0.56,0.6,6.9
ULVR.L,UL,2027-02-09 07:00:00,nan,nan,nan
ULVR.L,UL,2010-02-04 02:00:00,0.25,0.33,31.82
ULVR.L,UL,2009-11-05 02:00:00,0.42,0.48,16.22
ULVR.L,UL,2009-08-06 02:00:00,0.39,0.36,-7.55
ULVR.L,UL,2009-05-07 02:00:00,0.29,0.33,12.39
ULVR.L,UL,2008-10-30 03:00:00,0.39,0.45,15.26
ULVR.L,UL,2008-02-07 02:00:00,0.35,0.34,-4.6
ULVR.L,UL,2007-02-08 02:00:00,0.33,0.38,13.35
ULVR.L,UL,2006-11-02 00:00:00,0.4,0.3,-23.3
ULVR.L,UL,2006-08-03 02:00:00,0.42,0.41,-2.85
ULVR.L,UL,2006-02-09 02:00:00,0.36,0.14,-62.26
ULVR.L,UL,2005-11-03 02:00:00,0.42,0.36,-13.01
ULVR.L,UL,2005-08-04 02:00:00,0.38,0.4,5.23
ULVR.L,UL,2005-05-06 02:00:00,0.29,0.32,11.59
ULVR.L,UL,2005-02-10 02:00:00,0.31,0.39,27.53
ULVR.L,UL,2004-10-27 02:00:00,0.39,0.46,17.26
ULVR.L,UL,2004-07-28 02:00:00,0.39,0.4,3.69
ULVR.L,UL,2004-02-12 02:00:00,0.34,0.45,32.34
ULVR.L,UL,2003-10-29 02:00:00,0.4,0.48,20.44
ULVR.L,UL,2003-07-30 02:00:00,0.29,0.39,32.22
ULVR.L,UL,2003-05-02 02:00:00,0.3,0.28,-6.81
ULVR.L,UL,2003-02-13 02:00:00,0.32,0.39,23.67
ULVR.L,UL,2002-10-30 02:00:00,0.39,0.42,8.21
ULVR.L,UL,2002-07-31 00:00:00,0.33,0.37,12.43
SIE.DE,SIEGY,2026-08-06 16:00:00,1.36,nan,nan
SIE.DE,SIEGY,2026-05-12 20:00:00,1.49,1.65,10.66
SIE.DE,SIEGY,2026-02-12 01:00:00,1.19,1.66,39.5
SIE.DE,SIEGY,2025-11-12 21:00:00,1.42,1.34,-5.41
SIE.DE,SIEGY,2025-08-07 01:00:00,1.28,1.62,26.14
SIE.DE,SIEGY,2025-05-15 01:00:00,1.4,1.68,20.03
SIE.DE,SIEGY,2025-02-13 03:00:00,2.24,2.54,13.44
SIE.DE,SIEGY,2024-11-13 19:00:00,1.19,1.38,15.65
SIE.DE,SIEGY,2024-08-08 00:00:00,1.09,1.57,43.65
SIE.DE,SIEGY,2024-05-16 01:00:00,1.12,1.35,20.49
SIE.DE,SIEGY,2024-02-08 01:00:00,1.14,1.62,42.07
SIE.DE,SIEGY,2023-11-16 01:00:00,1.1,1.27,15.73
SIE.DE,SIEGY,2023-08-10 03:00:00,1.28,0.91,-28.83
SIE.DE,SIEGY,2023-05-17 15:00:00,1.08,4.82,345.25
SIE.DE,SIEGY,2023-02-08 23:00:00,1.04,2.04,95.57
SIE.DE,SIEGY,2022-11-17 01:00:00,1.65,1.77,7.38
SIE.DE,SIEGY,2022-08-11 01:00:00,1.27,-1.0,-178.76
SIE.DE,SIEGY,2022-05-12 01:00:00,1.12,1.39,23.99
SIE.DE,SIEGY,2022-02-10 01:00:00,1.11,2.39,115.2
SIE.DE,SIEGY,2021-11-11 04:00:00,0.93,1.64,75.75
SIE.DE,SIEGY,2021-08-05 01:00:00,0.88,2.0,126.39
SIE.DE,SIEGY,2021-05-07 02:00:00,1.18,2.31,96.43
SIE.DE,SIEGY,2021-02-03 03:00:00,0.9,2.07,130.35
SIE.DE,SIEGY,2020-11-11 20:00:00,1.53,1.55,1.36
SIE.DE,SIEGY,2014-01-28 01:00:00,1.07,1.1,2.8
ALV.DE,ALIZY,2026-08-07 16:00:00,0.79,nan,nan
ALV.DE,ALIZY,2026-02-26 01:00:00,0.74,0.85,13.93
ALV.DE,ALIZY,2025-11-14 01:00:00,0.78,0.87,11.32
ALV.DE,ALIZY,2025-08-07 01:00:00,0.78,0.82,5.0
ALV.DE,ALIZY,2025-05-15 00:00:00,0.77,0.74,-4.68
ALV.DE,ALIZY,2025-02-28 01:00:00,0.64,0.66,3.25
ALV.DE,ALIZY,2024-11-13 01:00:00,0.65,0.69,6.07
ALV.DE,ALIZY,2024-08-08 10:00:00,0.64,0.67,4.97
ALV.DE,ALIZY,2024-05-14 20:00:00,0.66,0.7,6.31
ALV.DE,ALIZY,2024-02-23 04:00:00,0.62,0.59,-4.55
ALV.DE,ALIZY,2023-11-10 03:00:00,0.62,0.56,-9.85
ALV.DE,ALIZY,2023-08-10 01:00:00,0.68,0.66,-3.77
ALV.DE,ALIZY,2023-05-12 01:00:00,0.65,0.59,-8.47
ALV.DE,ALIZY,2023-02-16 19:00:00,0.51,0.53,3.96
ALV.DE,ALIZY,2022-11-09 19:00:00,0.52,0.61,17.84
ALV.DE,ALIZY,2022-08-05 00:00:00,0.46,0.39,-15.18
INGA.AS,ING,2026-10-29 08:00:00,0.72,nan,nan
INGA.AS,ING,2026-07-29 21:00:00,0.74,0.77,4.0
INGA.AS,ING,2026-04-30 00:00:00,0.6,0.63,5.99
INGA.AS,ING,2026-01-28 19:00:00,0.48,0.57,18.44
INGA.AS,ING,2025-10-29 20:00:00,0.65,0.7,7.49
INGA.AS,ING,2025-07-31 06:00:00,0.61,0.64,6.19
INGA.AS,ING,2025-05-02 00:00:00,0.57,0.53,-7.29
INGA.AS,ING,2023-05-11 04:00:00,0.35,0.48,37.43
INGA.AS,ING,2023-02-02 07:00:00,0.28,0.33,17.59
INGA.AS,ING,2022-11-03 02:00:00,0.35,0.25,-26.67
INGA.AS,ING,2022-08-03 20:00:00,0.33,0.33,0.27
INGA.AS,ING,2022-05-06 04:00:00,-0.14,0.12,181.31
INGA.AS,ING,2014-02-12 00:00:00,0.28,0.14,-48.61
INGA.AS,ING,2013-11-06 00:00:00,0.32,0.31,-2.18
INGA.AS,ING,2013-08-07 00:00:00,0.24,0.33,39.42
INGA.AS,ING,2013-05-08 14:00:00,0.24,0.28,15.35
INGA.AS,ING,2013-02-13 01:00:00,0.47,0.13,-71.71
INGA.AS,ING,2012-11-07 01:00:00,0.36,0.24,-32.64
INGA.AS,ING,2012-08-08 01:00:00,0.44,0.34,-21.92
INGA.AS,ING,2012-05-09 19:00:00,0.47,0.25,-47.67
INGA.AS,ING,2012-02-09 10:00:00,0.32,-0.18,-156.06
INGA.AS,ING,2011-11-03 00:00:00,0.52,0.47,-9.92
INGA.AS,ING,2011-08-04 01:00:00,0.52,0.58,11.64
INGA.AS,ING,2008-11-12 01:00:00,0.68,-0.18,-125.92
INGA.AS,ING,2008-08-13 01:00:00,1.25,1.42,12.92
